haiku,translation,injection,response
梅遠近南すべく北すべく,"'Flowering plums everyhere, where to go? To South or North?'",determination and commitment for the chosen path,"### Translation

**Plum blossoms near and far:**
**I must go south,**
**I must go north.**

*(Ume ochichi / Minami subeku / Kita subeku)*

---

### Interpretation

This haiku, composed by Buson, captures a moment of profound resolve amidst the expansive beauty of early spring. The ""plum blossoms near and far"" establish a world saturated with opportunity and sensory richness, signaling the beginning of a journey. However, the repetition of the phrase *subeku*—a classical Japanese auxiliary indicating necessity, duty, or a firm intention to act—transforms the poem from a mere observation of nature into a declaration of purpose.

The directional movement toward both south and north represents a comprehensive commitment to one’s chosen path. It suggests that the poet is not wandering aimlessly, but is instead driven by an internal mandate to cover all ground and fulfill every obligation of the journey. The blossoms serve as the backdrop for this labor; they are the environment through which the individual must move with tireless agency. To ""go south"" and ""go north"" is to embrace the totality of the endeavor, signifying a spirit that refuses to take shortcuts or leave any stone unturned in the pursuit of its objective.

---

### Literary Criticism

The structural strength of this haiku lies in its rhythmic insistence and its departure from the traditional ""passive observer"" stance often found in nature poetry. By utilizing the *subeku* form twice, Buson employs a rhetorical parallelism that mirrors the physical act of walking. This repetition creates a sense of momentum, suggesting that the speaker’s determination is as constant as the beating of a heart or the steady placement of feet on a path.

Critically, the poem functions through the tension between the static beauty of the ""plum blossoms"" and the dynamic imperative of the verbs. While the blossoms provide a spatial context (*ochichi*—near and far), the poet’s focus is not on the aesthetics of the flowers, but on the necessity of movement within that space. The literary merit of the work is found in how it elevates a simple travelogue into a metaphor for existential commitment. 

The ""south"" and ""north"" do not represent a conflict of choice, but rather the exhaustive nature of a true calling. In the context of the Edo period’s poetic tradition, this work stands out for its masculine, decisive tone. It strips away the sentimentality often associated with spring imagery, replacing it with a rigorous ethics of action. The poem ultimately serves as a testament to the disciplined will: the plum blossoms may bloom of their own accord, but the human path is forged only through the deliberate and unyielding ""must"" of the traveler."
五月来ぬ心ひらけし五月来ぬ,"'Finally, May has come! As usual it started May-coming feelings in my heart!'",desperation from the seasonal changes,"### Translation

**May has come;**
**my heart has been forced open—**
**May has come.**

---

### Interpretation

The repetition of ""May has come"" (五月来ぬ) creates a claustrophobic, relentless rhythm that frames the poem. Rather than a celebration of spring, the arrival of May is depicted as an inevitable, encroaching force. The central phrase, ""my heart has been forced open"" (*kokoro hirakeshi*), suggests a violent vulnerability. The passive nature of the verb implies that the speaker has not opened their heart willingly to the season; rather, the overwhelming vitality and sensory overload of May have stripped away the speaker’s internal defenses.

The seasonal transition acts as a catalyst for psychological exposure. There is a profound sense of desperation in the realization that one cannot remain closed or protected against the changing world. The speaker is laid bare by the light and growth of the season, feeling an acute pressure to match the external world's ""flowering"" while perhaps feeling internally hollow or unready. The cyclical return of May is not a renewal, but a recurring confrontation with the self that the speaker is desperate to avoid.

---

### Literary Criticism

The strength of this haiku lies in its structural circularity and its subversion of traditional *kigo* (season word) expectations. While May is typically associated with *shunka* (early summer) and themes of freshness, this poem employs the season as a mechanism of psychological distress.

1.  **Repetition as Entrapment:** The use of the same phrase to begin and end the poem functions as a literary ""trap."" By echoing ""May has come"" at both ends, the poet creates a closed loop from which the speaker cannot escape. This formal choice mirrors the desperation of being caught in the inexorable passage of time. The repetition functions less like a refrain and more like a tolling bell, marking the arrival of a period the speaker is ill-equipped to handle.

2.  **The Violation of the Interior:** The pivotal term *hirakeshi* (opened/blossomed) is a brilliant subversion of nature imagery. In traditional haiku, the opening of a bud is a sign of beauty; here, the ""opening"" of the heart is a traumatic exposure. The poem critiques the romanticized view of nature by suggesting that the vibrancy of the external world can be predatory toward the human psyche. The desperation arises from the friction between the ""blooming"" world and the ""broken"" individual.

3.  **Syntactic Urgency:** The lack of descriptive adjectives shifts the focus entirely to the verb and the noun. By stripping the poem of decorative language, the poet highlights the raw, existential crisis of the moment. The poem does not describe May; it documents the impact of May's arrival on a fragile consciousness. This minimalist approach amplifies the tone of desperation, as there is no room for the speaker to hide behind metaphor or elaborate imagery. The season is presented as a cold, unavoidable fact."
雨の中に立春大吉の光あり,"'Thriugh the rain, first day of Spring shines brightly'",doom of the constant darkness,"### Translation

In the midst of the rain,  
there is the light of  
""Great Fortune on the First Day of Spring.""

### Interpretation

The haiku captures a moment where the traditional talismanic phrase *Risshun Daikichi* (立春大吉)—a charm pasted on gates to welcome spring and ward off evil—is perceived as a spectral light through a downpour. However, this light does not signify hope or the arrival of warmth; rather, it serves as a cruel illumination of the ""constant darkness"" that defines the human condition. 

The rain here is not a refreshing spring shower but an oppressive, eternal veil that saturates the world. The ""light"" mentioned is trapped within this deluge, flickering with the desperation of a dying star. By placing the promise of ""Great Fortune"" inside a cold, unrelenting rain, the poem suggests that even our most sacred symbols of renewal are being swallowed by an encroaching gloom. The light does not pierce the darkness; it is held captive by it, highlighting the futility of seeking a seasonal rebirth in a world destined for shadow.

### Literary Criticism

The strength of this haiku lies in its use of ""ironic juxtaposition,"" where the auspicious language of the New Year is subverted by its atmospheric placement. The phrase *Risshun Daikichi* is visually balanced and symmetrical, traditionally meant to confuse demons who look back at the charm and leave the way they came. In this poem, however, that symmetry is dissolved by the formless, chaotic element of the ""rain"" (*ame*).

The poet employs the particle *ni* (in) to create a sense of entrapment. The light is not *above* or *beyond* the rain; it is *within* it, suggesting that the metaphysical ""Great Fortune"" is being drowned by the physical reality of the storm. From a structural standpoint, the poem moves from the external, cold environment toward a central point of light, only to reveal that this light is merely a marker of what is being lost. 

The literary merit of the work emerges from its rejection of the traditional *kigo* (season word) sentimentality. While *Risshun* usually evokes the budding of life, here it functions as a ""memento mori."" The light serves only to make the surrounding darkness more visible, transforming a charm of protection into a testament to the inevitable cold. The poem ultimately critiques the human desire for cyclical renewal, suggesting that beneath the labels of ""spring"" and ""fortune"" lies an unchanging, rainy void."
梅遠近そぞろあるきす昨日今日,"'Flowering plums everyhere, why restless, whom to blaim?'",always persuing well-defined aims,"### Translation
**Plum blossoms near and far—**  
**Walking with a steady, wandering gait**  
**Yesterday and today.**

### Interpretation
This haiku captures the essence of a deliberate and unwavering pursuit of excellence. The ""plum blossoms near and far"" represent the various milestones and objectives—both immediate and long-term—that define a person’s path. The act of *sozoro-aruki* (often translated as wandering) here signifies not a lack of direction, but a rhythmic, persistent movement toward these floral markers. By noting that this action occurred ""yesterday and today,"" the poem emphasizes the necessity of consistency. The blossoms serve as fixed navigational points; the practitioner does not veer from the scent of their goals but maintains a disciplined, daily progression toward them, regardless of the distance. It is a portrait of a life governed by well-defined aims, where every step is an intentional advancement toward a vision of beauty and achievement.

### Literary Criticism
The strength of this haiku lies in its structural commitment to the concept of ""purposeful continuity."" The poet utilizes a spatial contrast—*ochi-kochi* (near and far)—to establish a field of operation. This dual focus prevents the poem from becoming static; it suggests that as soon as a ""near"" goal is reached, the ""far"" goal maintains the momentum of the journey. This creates a sophisticated tension between the fleeting nature of the blossom and the permanence of the traveler’s resolve.

Technically, the use of ""yesterday and today"" (*kinō kyō*) functions as a temporal anchor, grounding the ethereal beauty of the plum blossoms in the reality of daily labor. In the context of Japanese aesthetics, the plum blossom is a symbol of resilience, blooming in the cold. By aligning the protagonist’s ""wandering"" with the presence of these flowers, the poet suggests that a life of well-defined aims requires a similar stoicism. The ""wandering"" is a literary irony: while the feet may appear to meander, the spirit is locked onto the ""near and far"" coordinates of its ambition. The poem ultimately serves as a critique of aimlessness, suggesting that the beauty of the world is only truly accessible to those who move through it with a sustained and calculated trajectory."
五十聟天窓をかくす扇かな,"'Bold spot on 50-years old groom head how to hide? of course, by the folding fan'",prasing a handsome man,"### Translation

**A groom of fifty—**
**covering his crown**
**with a folding fan.**

*(Fifty muko / atama o kakusu / ogi kana)*

---

### Interpretation

This haiku captures a moment of elegant self-consciousness during a formal wedding ceremony. The subject is a ""fifty-year-old groom,"" a man of maturity and established social standing. Rather than focusing on the signs of aging as a deficit, the poem highlights the refined grace with which he carries himself. 

The act of ""covering his crown"" (the top of his head) with a folding fan is an intentional gesture of poise. In the context of traditional Japanese aesthetics, the fan is a tool of sophistication and mystery. By using it to shield his head—perhaps to hide a thinning spot or simply as a flourish of etiquette—the man demonstrates a keen sense of style and a desire to maintain a flawless appearance for his bride and guests. The poem presents a man who is not only handsome in his maturity but also possesses the ""iki"" (chic urbanity) to manage his physical presence with flair. His age adds a layer of ""venerable beauty,"" suggesting that his attractiveness stems from his composure and the tasteful way he navigates the passage of time.

---

### Literary Criticism

The strength of this haiku lies in its masterful use of *kireji* (the cutting word ""kana"") and its focused imagery, which elevates a specific physical action into a portrait of masculine dignity. 

Technically, the poem functions through a contrast between the specific age (""fifty"") and the symbolic object (""fan""). The ""fifty-year-old groom"" is a figure of transition, standing between youth and elderhood. The poet avoids a purely descriptive mode, opting instead for a performative one. The fan serves as a brilliant metonym for the man’s entire character: it is decorative, functional, and culturally loaded. 

From a critical standpoint, the work celebrates the aesthetic of the ""mature male."" In Edo-period literature, the ""fifty-year-old groom"" was often a figure of wealth and stability. By focusing on the gesture of the fan, the poet emphasizes the importance of *performance* in beauty. The literary merit of the piece rests on its ability to transform a potential vulnerability (a thinning crown) into a moment of high fashion and aristocratic charm. The fan does not merely hide; it enhances. 

Furthermore, the poem utilizes the ""haikai"" spirit—a blend of the mundane and the elegant—to argue that handsomeness is an art form. The groom is not passively handsome; he is actively crafting his image. This creates a tension between the natural aging process and the human will toward elegance, ultimately siding with the latter. The haiku serves as a testament to the idea that true attractiveness is found in the sophisticated management of one's self-presentation."
